spacing_angstrom,atom_i,atom_j,atom_i_symbol,atom_j_symbol,distance_angstrom
5.4,0,32,C,C,5.963690282690405
5.4,0,33,C,N,5.742143803707557
5.4,1,28,C,C,5.963693686753751
5.4,1,29,C,N,5.742157234594974
5.4,2,27,C,C,5.979036539165115
5.4,2,28,C,C,5.543849865884771
5.4,2,29,C,N,5.442572546657881
5.4,3,26,C,C,5.711748775992443
5.4,3,27,C,C,5.535937812253692
5.4,3,28,C,C,5.444937529091177
5.4,3,29,C,N,5.641310882226392
5.4,3,30,C,C,5.962485667559483
5.4,3,32,C,C,5.808086668337138
5.4,4,26,C,C,5.787524648869473
5.4,4,27,C,C,5.446411329454079
5.4,4,28,C,C,5.534178834606542
5.4,4,29,C,N,5.864568220159124
5.4,4,30,C,C,5.534167392174481
5.4,4,31,C,N,5.8645594316065495
5.4,5,24,C,C,5.808083022874739
5.4,5,26,C,C,5.711756460276128
5.4,5,27,C,C,5.53594571578
5.4,5,28,C,C,5.962507770815173
5.4,5,30,C,C,5.444936473985763
5.4,5,31,C,N,5.641307671552558
5.4,6,27,C,C,5.979050517222268
5.4,6,30,C,C,5.5438605040378315
5.4,6,31,C,N,5.4425737000798
5.4,7,30,C,C,5.96371151616731
5.4,7,31,C,N,5.742163065656693
5.4,8,24,C,C,5.963716441490971
5.4,8,25,C,N,5.742151827983822
5.4,9,24,C,C,5.543865564702548
5.4,9,25,C,N,5.442567044995859
5.4,9,26,C,C,5.9790547579910065
5.4,10,24,C,C,5.444928908490565
5.4,10,25,C,N,5.64130150936632
5.4,10,26,C,C,5.535946632690634
5.4,10,27,C,C,5.7117669714694195
5.4,10,30,C,C,5.80810511640785
5.4,10,32,C,C,5.962497869320951
5.4,11,24,C,C,5.534162137547686
5.4,11,25,C,N,5.864560199256266
5.4,11,26,C,C,5.446417818852762
5.4,11,27,C,C,5.787540404102235
5.4,11,32,C,C,5.534177099775373
5.4,11,33,C,N,5.864566669639339
5.4,12,24,C,C,5.962469010902998
5.4,12,26,C,C,5.535939105815614
5.4,12,27,C,C,5.711759613804232
5.4,12,28,C,C,5.808108691857768
5.4,12,32,C,C,5.444930581405165
5.4,12,33,C,N,5.641302467437339
5.4,13,26,C,C,5.979042173946418
5.4,13,32,C,C,5.543852076950197
5.4,13,33,C,N,5.4425658288793395
5.4,14,33,H,N,5.955874480742564
5.4,15,29,H,N,5.955884212294251
5.4,16,28,H,C,5.646100068212328
5.4,16,29,H,N,5.426112789161672
5.4,17,27,H,C,5.689922893275007
5.4,17,28,H,C,5.634936620628088
5.4,17,29,H,N,5.8483492216783795
5.4,17,30,H,C,5.634927072892838
5.4,17,31,H,N,5.848340066844275
5.4,18,30,H,C,5.646111204005854
5.4,18,31,H,N,5.426112605167245
5.4,19,31,H,N,5.955894886575488
5.4,20,25,H,N,5.955881806598808
5.4,21,24,H,C,5.646128433964006
5.4,21,25,H,N,5.42611117258503
5.4,22,24,H,C,5.634934339366144
5.4,22,25,H,N,5.848346325073519
5.4,22,26,H,C,5.689938054644875
5.4,22,32,H,C,5.634947088394774
5.4,22,33,H,N,5.848355364858561
5.4,23,32,H,C,5.646113349494147
5.4,23,33,H,N,5.426112831846885
5.5,0,33,C,N,5.836284198728454
5.5,1,29,C,N,5.836297646121361
5.5,2,28,C,C,5.641300427220137
5.5,2,29,C,N,5.54180445865576
5.5,3,26,C,C,5.806382003645724
5.5,3,27,C,C,5.633525220442022
5.5,3,28,C,C,5.544127097670919
5.5,3,29,C,N,5.737106466417428
5.5,3,32,C,C,5.901175222446685
5.5,4,26,C,C,5.880938673153432
5.5,4,27,C,C,5.54557441044046
5.5,4,28,C,C,5.6317968870282105
5.5,4,29,C,N,5.956774527367414
5.5,4,30,C,C,5.631785480098711
5.5,4,31,C,N,5.956765610821484
5.5,5,24,C,C,5.901171637300879
5.5,5,26,C,C,5.806389722275088
5.5,5,27,C,C,5.6335331515404246
5.5,5,30,C,C,5.544126063168083
5.5,5,31,C,N,5.737103196723377
5.5,6,30,C,C,5.641311025932803
5.5,6,31,C,N,5.541805620017494
5.5,7,31,C,N,5.836303558647225
5.5,8,25,C,N,5.83629226309282
5.5,9,24,C,C,5.6413160016810115
5.5,9,25,C,N,5.541798943561593
5.5,10,24,C,C,5.544118532021646
5.5,10,25,C,N,5.7370969016067885
5.5,10,26,C,C,5.633534064132877
5.5,10,27,C,C,5.806400255246105
5.5,10,30,C,C,5.901193678241139
5.5,11,24,C,C,5.631780323782652
5.5,11,25,C,N,5.956766240305023
5.5,11,26,C,C,5.545580903868688
5.5,11,27,C,C,5.880954470913579
5.5,11,32,C,C,5.631795188251049
5.5,11,33,C,N,5.956772881450542
5.5,12,26,C,C,5.6335265120364495
5.5,12,27,C,C,5.806392866523107
5.5,12,28,C,C,5.901197204141413
5.5,12,32,C,C,5.54412018103265
5.5,12,33,C,N,5.73709797217525
5.5,13,32,C,C,5.641302605604315
5.5,13,33,C,N,5.541797732359827
5.5,16,28,H,C,5.7418154096840555
5.5,16,29,H,N,5.525640214217824
5.5,17,27,H,C,5.784913185685247
5.5,17,28,H,C,5.730838541103982
5.5,17,29,H,N,5.940807170921536
5.5,17,30,H,C,5.730828993124617
5.5,17,31,H,N,5.940797893822841
5.5,18,30,H,C,5.7418264863672945
5.5,18,31,H,N,5.525640046336728
5.5,21,24,H,C,5.741843583746506
5.5,21,25,H,N,5.5256386567440385
5.5,22,24,H,C,5.730836314646672
5.5,22,25,H,N,5.940804091582561
5.5,22,26,H,C,5.784928381160678
5.5,22,32,H,C,5.73084900912286
5.5,22,33,H,N,5.94081326232664
5.5,23,32,H,C,5.74182862072346
5.5,23,33,H,N,5.525640278390091
5.6,0,33,C,N,5.930616412667217
5.6,1,29,C,N,5.9306298756061375
5.6,2,28,C,C,5.738838705246697
5.6,2,29,C,N,5.641063498164126
5.6,3,26,C,C,5.901192240934935
5.6,3,27,C,C,5.73119580520265
5.6,3,28,C,C,5.643345271605521
5.6,3,29,C,N,5.83304318037261
5.6,3,32,C,C,5.994486405449741
5.6,4,26,C,C,5.974565908374563
5.6,4,27,C,C,5.644767020334705
5.6,4,28,C,C,5.7294970966110315
5.6,4,30,C,C,5.729485724137379
5.6,5,24,C,C,5.994482878878119
5.6,5,26,C,C,5.90119999257587
5.6,5,27,C,C,5.731203762818683
5.6,5,30,C,C,5.643344256986166
5.6,5,31,C,N,5.833039853677451
5.6,6,30,C,C,5.738849265697039
5.6,6,31,C,N,5.641064667180713
5.6,7,31,C,N,5.930635866816024
5.6,8,25,C,N,5.930624515584868
5.6,9,24,C,C,5.738854159337888
5.6,9,25,C,N,5.641057970136966
5.6,10,24,C,C,5.643336759019035
5.6,10,25,C,N,5.833033430152247
5.6,10,26,C,C,5.731204671226826
5.6,10,27,C,C,5.901210546309555
5.6,10,30,C,C,5.994504868042341
5.6,11,24,C,C,5.7294806628545745
5.6,11,26,C,C,5.644773517616914
5.6,11,27,C,C,5.974581746766962
5.6,11,32,C,C,5.729495432683157
5.6,12,26,C,C,5.73119709487787
5.6,12,27,C,C,5.901203127747406
5.6,12,28,C,C,5.994508345802771
5.6,12,32,C,C,5.643338384958481
5.6,12,33,C,N,5.833034609494452
5.6,13,32,C,C,5.738840852026744
5.6,13,33,C,N,5.641056763682845
5.6,16,28,H,C,5.83767440146359
5.6,16,29,H,N,5.625184401711515
5.6,17,27,H,C,5.880069608466812
5.6,17,28,H,C,5.826878242241734
5.6,17,30,H,C,5.826868694252066
5.6,18,30,H,C,5.837685420703786
5.6,18,31,H,N,5.625184249374011
5.6,21,24,H,C,5.837702389434133
5.6,21,25,H,N,5.625182901253612
5.6,22,24,H,C,5.8268760688364
5.6,22,26,H,C,5.880084836515601
5.6,22,32,H,C,5.8268887102569735
5.6,23,32,H,C,5.837687544240622
5.6,23,33,H,N,5.625184486610229
5.7,2,28,C,C,5.836460302231233
5.7,2,29,C,N,5.740348257959834
5.7,3,26,C,C,5.996171091344912
5.7,3,27,C,C,5.8289453853839275
5.7,3,28,C,C,5.742590568199672
5.7,3,29,C,N,5.929114173396745
5.7,4,27,C,C,5.743987629337711
5.7,4,28,C,C,5.82727533101087
5.7,4,30,C,C,5.827263991989499
5.7,5,26,C,C,5.99617887473457
5.7,5,27,C,C,5.828953368520724
5.7,5,30,C,C,5.742589572781417
5.7,5,31,C,N,5.929110791621735
5.7,6,30,C,C,5.836470825547906
5.7,6,31,C,N,5.740349434361276
5.7,9,24,C,C,5.836475639757036
5.7,9,25,C,N,5.740342717471773
5.7,10,24,C,C,5.742582106882326
5.7,10,25,C,N,5.929104243991765
5.7,10,26,C,C,5.8289542728725285
5.7,10,27,C,C,5.99618944827698
5.7,11,24,C,C,5.827259022619773
5.7,11,26,C,C,5.743994130309101
5.7,11,32,C,C,5.827273700785528
5.7,12,26,C,C,5.828946673186805
5.7,12,27,C,C,5.996182001028749
5.7,12,32,C,C,5.742583710539892
5.7,12,33,C,N,5.92910552855849
5.7,13,32,C,C,5.836462418433281
5.7,13,33,C,N,5.7403415156064925
5.7,16,28,H,C,5.93367008150279
5.7,16,29,H,N,5.724744477226548
5.7,17,27,H,C,5.975384224877515
5.7,17,28,H,C,5.923049021882011
5.7,17,30,H,C,5.923039474093672
5.7,18,30,H,C,5.933681044903416
5.7,18,31,H,N,5.72474433989246
5.7,21,24,H,C,5.933697888753612
5.7,21,25,H,N,5.724743031805705
5.7,22,24,H,C,5.923046899855143
5.7,22,26,H,C,5.975399484058208
5.7,22,32,H,C,5.92305948966207
5.7,23,32,H,C,5.933683157921828
5.7,23,33,H,N,5.7247445821306195
5.8,2,28,C,C,5.934161106188859
5.8,2,29,C,N,5.839657426168533
5.8,3,27,C,C,5.926770052398246
5.8,3,28,C,C,5.841861605122056
5.8,4,27,C,C,5.84323481113937
5.8,4,28,C,C,5.925127727462207
5.8,4,30,C,C,5.925116420930539
5.8,5,27,C,C,5.926778060112522
5.8,5,30,C,C,5.841860628256802
5.8,6,30,C,C,5.9341715934536525
5.8,6,31,C,N,5.839658609698769
5.8,9,24,C,C,5.934176330781283
5.8,9,25,C,N,5.839651873666499
5.8,10,24,C,C,5.841853193368919
5.8,10,26,C,C,5.926778960530384
5.8,11,24,C,C,5.925111540501376
5.8,11,26,C,C,5.8432413156450735
5.8,11,32,C,C,5.92512612984704
5.8,12,26,C,C,5.926771338374249
5.8,12,32,C,C,5.841854775494716
5.8,13,32,C,C,5.934163192791137
5.8,13,33,C,N,5.8396506762390255
5.8,16,29,H,N,5.824319626000379
5.8,18,31,H,N,5.8243195031570885
5.8,21,25,H,N,5.824318233738602
5.8,23,33,H,N,5.8243197502255475
5.9,2,29,C,N,5.938989778350199
5.9,3,28,C,C,5.941157092084227
5.9,4,27,C,C,5.9425072343445455
5.9,5,30,C,C,5.94115613315591
5.9,6,31,C,N,5.938990968766172
5.9,9,25,C,N,5.938984214257693
5.9,10,24,C,C,5.941148728273368
5.9,11,26,C,C,5.942513742238865
5.9,12,32,C,C,5.941150289580523
5.9,13,33,C,N,5.938983021124272
5.9,16,29,H,N,5.923909087932609
5.9,18,31,H,N,5.923908979093226
5.9,21,25,H,N,5.923907747046024
5.9,23,33,H,N,5.923909230828986
