scenario,adapter_radius_angstrom,internal_cutoff_angstrom,case,spacing_angstrom,energy_ev,electrostatic_energy_ev,first_region_charge_e
baseline_adapter6_internal6,6.0,6.0,total_charge,2.5,-26858.7949513119,-2.0638916620682135,0.21940136671230148
baseline_adapter6_internal6,6.0,6.0,total_charge,3.0,-26860.321696891406,-2.083741107792869,0.12503253307069678
baseline_adapter6_internal6,6.0,6.0,total_charge,3.5,-26860.335812137353,-2.0531776444772634,0.07077462125876502
baseline_adapter6_internal6,6.0,6.0,total_charge,4.0,-26860.166970682352,-2.0290844046201055,0.04442026244135808
baseline_adapter6_internal6,6.0,6.0,total_charge,4.5,-26860.041495028767,-2.014503210108489,0.03196633221303176
baseline_adapter6_internal6,6.0,6.0,total_charge,5.0,-26859.956509268806,-2.012436536606415,0.02443101899218833
baseline_adapter6_internal6,6.0,6.0,total_charge,5.5,-26859.88606923098,-1.98666811344461,0.015091869543232841
baseline_adapter6_internal6,6.0,6.0,total_charge,6.0,-26859.869001695006,-1.9779371966869326,0.012678579675331494
baseline_adapter6_internal6,6.0,6.0,total_charge,6.5,-26859.865647447037,-1.974582948719329,0.01267857967533112
baseline_adapter6_internal6,6.0,6.0,total_charge,7.0,-26859.863122719515,-1.9720582211966766,0.012678579675331397
baseline_adapter6_internal6,6.0,6.0,neutral_regional,2.5,-26858.654575086333,-1.8800081460730103,1.8041124150158794e-16
baseline_adapter6_internal6,6.0,6.0,neutral_regional,3.0,-26860.25785516129,-1.95406092544882,6.938893903907228e-17
baseline_adapter6_internal6,6.0,6.0,neutral_regional,3.5,-26860.30797520325,-1.9674457942075374,-9.71445146547012e-17
baseline_adapter6_internal6,6.0,6.0,neutral_regional,4.0,-26860.151487817853,-1.969984043070918,-2.0816681711721685e-16
baseline_adapter6_internal6,6.0,6.0,neutral_regional,4.5,-26860.029730253696,-1.9692787910957807,2.0816681711721685e-16
baseline_adapter6_internal6,6.0,6.0,neutral_regional,5.0,-26859.94693597452,-1.976185388999198,-5.551115123125783e-17
baseline_adapter6_internal6,6.0,6.0,neutral_regional,5.5,-26859.87266694209,-1.9634742285906224,2.0816681711721685e-16
baseline_adapter6_internal6,6.0,6.0,neutral_regional,6.0,-26859.844131293474,-1.958263614325169,4.163336342344337e-17
baseline_adapter6_internal6,6.0,6.0,neutral_regional,6.5,-26859.84050508439,-1.9546374052413613,-2.7755575615628914e-17
baseline_adapter6_internal6,6.0,6.0,neutral_regional,7.0,-26859.8377572438,-1.9518895646510475,-1.3877787807814457e-17
baseline_adapter6_internal6,6.0,6.0,ionic_regional,2.5,-26858.251447990424,-1.7697354124900266,1.0
baseline_adapter6_internal6,6.0,6.0,ionic_regional,3.0,-26859.3354307526,-1.6644310640033417,0.9999999999999999
baseline_adapter6_internal6,6.0,6.0,ionic_regional,3.5,-26858.93859602121,-1.528034958055237,0.9999999999999998
baseline_adapter6_internal6,6.0,6.0,ionic_regional,4.0,-26858.47178603642,-1.3869791225829535,1.0000000000000004
baseline_adapter6_internal6,6.0,6.0,ionic_regional,4.5,-26858.151557626952,-1.2543711204416474,1.0
baseline_adapter6_internal6,6.0,6.0,ionic_regional,5.0,-26857.90541751832,-1.1443014988002231,0.9999999999999998
baseline_adapter6_internal6,6.0,6.0,ionic_regional,5.5,-26858.153658676143,-1.0112011369409395,0.9999999999999999
baseline_adapter6_internal6,6.0,6.0,ionic_regional,6.0,-26859.059345008696,-0.8800367964546819,0.9999999999999999
baseline_adapter6_internal6,6.0,6.0,ionic_regional,6.5,-26858.956877978104,-0.7775697658595541,0.9999999999999999
baseline_adapter6_internal6,6.0,6.0,ionic_regional,7.0,-26858.86383540742,-0.684527195178744,0.9999999999999998
adapter10_internal6,10.0,6.0,total_charge,2.5,-26858.79495125531,-2.063891662068212,0.21940136671230132
adapter10_internal6,10.0,6.0,total_charge,3.0,-26860.321696834817,-2.0837411077928687,0.12503253307069678
adapter10_internal6,10.0,6.0,total_charge,3.5,-26860.33581208076,-2.0531776444772634,0.07077462125876505
adapter10_internal6,10.0,6.0,total_charge,4.0,-26860.166970625763,-2.0290844046201046,0.04442026244135813
adapter10_internal6,10.0,6.0,total_charge,4.5,-26860.041494972178,-2.014503210108489,0.031966332213031606
adapter10_internal6,10.0,6.0,total_charge,5.0,-26859.956509212217,-2.0124365366064128,0.024431018992187956
adapter10_internal6,10.0,6.0,total_charge,5.5,-26859.88606917439,-1.986668113444609,0.015091869543232758
adapter10_internal6,10.0,6.0,total_charge,6.0,-26859.869001638417,-1.977937196686931,0.012678579675331425
adapter10_internal6,10.0,6.0,total_charge,6.5,-26859.86564739045,-1.97458294871933,0.012678579675331536
adapter10_internal6,10.0,6.0,total_charge,7.0,-26859.863122662926,-1.9720582211966755,0.012678579675331411
adapter10_internal6,10.0,6.0,neutral_regional,2.5,-26858.654575029745,-1.8800081460730087,1.3877787807814457e-16
adapter10_internal6,10.0,6.0,neutral_regional,3.0,-26860.2578551047,-1.95406092544882,6.938893903907228e-17
adapter10_internal6,10.0,6.0,neutral_regional,3.5,-26860.30797514666,-1.967445794207537,0.0
adapter10_internal6,10.0,6.0,neutral_regional,4.0,-26860.151487761264,-1.9699840430709181,-6.938893903907228e-17
adapter10_internal6,10.0,6.0,neutral_regional,4.5,-26860.029730197104,-1.9692787910957785,2.0816681711721685e-16
adapter10_internal6,10.0,6.0,neutral_regional,5.0,-26859.94693591793,-1.976185388999196,-8.326672684688674e-17
adapter10_internal6,10.0,6.0,neutral_regional,5.5,-26859.872666885498,-1.9634742285906228,5.551115123125783e-17
adapter10_internal6,10.0,6.0,neutral_regional,6.0,-26859.844131236885,-1.9582636143251677,0.0
adapter10_internal6,10.0,6.0,neutral_regional,6.5,-26859.8405050278,-1.9546374052413633,2.7755575615628914e-17
adapter10_internal6,10.0,6.0,neutral_regional,7.0,-26859.83775718721,-1.951889564651046,1.249000902703301e-16
adapter10_internal6,10.0,6.0,ionic_regional,2.5,-26858.251447933835,-1.769735412490025,1.0
adapter10_internal6,10.0,6.0,ionic_regional,3.0,-26859.33543069601,-1.6644310640033426,1.0
adapter10_internal6,10.0,6.0,ionic_regional,3.5,-26858.938595964617,-1.5280349580552388,0.9999999999999998
adapter10_internal6,10.0,6.0,ionic_regional,4.0,-26858.471785979833,-1.3869791225829529,1.0
adapter10_internal6,10.0,6.0,ionic_regional,4.5,-26858.151557570363,-1.2543711204416443,1.0
adapter10_internal6,10.0,6.0,ionic_regional,5.0,-26857.905417461727,-1.1443014988002231,1.0
adapter10_internal6,10.0,6.0,ionic_regional,5.5,-26858.15365861955,-1.0112011369409406,1.0
adapter10_internal6,10.0,6.0,ionic_regional,6.0,-26859.059344952107,-0.8800367964546797,0.9999999999999999
adapter10_internal6,10.0,6.0,ionic_regional,6.5,-26858.95687792151,-0.7775697658595531,1.0
adapter10_internal6,10.0,6.0,ionic_regional,7.0,-26858.863835350832,-0.6845271951787428,1.0
adapter10_internal10,10.0,10.0,total_charge,2.5,-26782.668500877182,-0.3032590929709007,0.02197541589785912
adapter10_internal10,10.0,10.0,total_charge,3.0,-26779.403828893388,-0.2234596859047266,0.03550348944454704
adapter10_internal10,10.0,10.0,total_charge,3.5,-26778.272001660644,-0.24710121616980055,0.11877644011148351
adapter10_internal10,10.0,10.0,total_charge,4.0,-26762.118324835377,-0.18665966425296365,0.24656364203619285
adapter10_internal10,10.0,10.0,total_charge,4.5,-26749.947761122567,-0.04353327807158233,0.3324580476356853
adapter10_internal10,10.0,10.0,total_charge,5.0,-26723.161369597157,-0.03756925188243938,0.19860074219854126
adapter10_internal10,10.0,10.0,total_charge,5.5,-26686.920346975716,-0.1320184440191413,0.06674485537880351
adapter10_internal10,10.0,10.0,total_charge,6.0,-26658.44409164002,-0.07107587882570865,-0.0793308088652746
adapter10_internal10,10.0,10.0,total_charge,6.5,-26645.04447889509,0.01312776732979858,-0.18579100757966882
adapter10_internal10,10.0,10.0,total_charge,7.0,-26650.692997655908,0.08726869073776597,-0.17841948923266837
adapter10_internal10,10.0,10.0,neutral_regional,2.5,-26782.66097700988,-0.2988341342201153,2.0816681711721685e-17
adapter10_internal10,10.0,10.0,neutral_regional,3.0,-26779.404023619154,-0.2157323716873751,-2.0816681711721685e-17
adapter10_internal10,10.0,10.0,neutral_regional,3.5,-26778.317302071002,-0.23301039877600846,0.0
adapter10_internal10,10.0,10.0,neutral_regional,4.0,-26762.216108875433,-0.21910051611426085,4.163336342344337e-17
adapter10_internal10,10.0,10.0,neutral_regional,4.5,-26750.081469660538,-0.18148853157829156,-2.7755575615628914e-17
adapter10_internal10,10.0,10.0,neutral_regional,5.0,-26723.168644562058,-0.05802800784929255,9.71445146547012e-17
adapter10_internal10,10.0,10.0,neutral_regional,5.5,-26686.915285455783,-0.11530614583154836,-2.7755575615628914e-17
adapter10_internal10,10.0,10.0,neutral_regional,6.0,-26658.492440138383,-0.11664014473114376,-7.632783294297951e-17
adapter10_internal10,10.0,10.0,neutral_regional,6.5,-26645.239412214563,-0.13367704980141884,-1.457167719820518e-16
adapter10_internal10,10.0,10.0,neutral_regional,7.0,-26650.94837208457,-0.04696961190966911,-8.326672684688674e-17
adapter10_internal10,10.0,10.0,ionic_regional,2.5,-26781.81548980359,0.6880562676449243,1.0
adapter10_internal10,10.0,10.0,ionic_regional,3.0,-26777.930647434947,1.0291814950198408,1.0
adapter10_internal10,10.0,10.0,ionic_regional,3.5,-26776.35355570006,1.2138292933300463,1.0
adapter10_internal10,10.0,10.0,ionic_regional,4.0,-26760.340713833248,1.4211792519565072,1.0
adapter10_internal10,10.0,10.0,ionic_regional,4.5,-26748.271655049146,1.7020489192111194,0.9999999999999998
adapter10_internal10,10.0,10.0,ionic_regional,5.0,-26721.381499734827,1.9472615341731674,1.0
adapter10_internal10,10.0,10.0,ionic_regional,5.5,-26684.85464121439,1.992881951331097,1.0
adapter10_internal10,10.0,10.0,ionic_regional,6.0,-26656.533807636504,2.1840340575994728,1.0000000000000002
adapter10_internal10,10.0,10.0,ionic_regional,6.5,-26643.34267978946,2.379245719355738,1.0000000000000002
adapter10_internal10,10.0,10.0,ionic_regional,7.0,-26649.371041196548,2.611980944743909,1.0
